{"r_squared": 0.4041066756642606, "rmse": 47055443.63579734, "rmae": 2726.192110058464}